{
    "Liquidity Ratios": {
        "Current Ratio": 1.8369313974102914,
        "Quick Ratio": 1.8369313974102914
    },
    "Leverage Ratios": {
        "Debt/Equity Ratio": 0.38504509603671666,
        "Liability/Assets Ratio": 0.27800184783767456,
        "Interest Coverage Ratio": 579.3298969072165
    },
    "Profitability Ratios": {
        "Net Margin": 0.2869014766608494,
        "ROE (Return on Equity)": 0.30797578472025694,
        "ROA (Return on Assets)": 0.22235794747876764
    },
    "Efficiency Ratios": {
        "Asset Turnover": 0.7750324259976547
    },
    "Cash Flow Ratios": {
        "Free Cash Flow": 72764000000.0
    },
    "Valuation Multiples": {
        "EV/EBITDA": 18.167039610702364,
        "P/E Ratio": 20.835466589424477
    }
}